"proj","Alt","month","CY","WY","Date.monCY","Season","Inflow.Q.m3","Outflow.Q.m3","mean.vol.km3","WRT.yr","mean.depth.m","mean.delta.min","mean.STG"
"LOCAR","ECB23L",5,1966,1966,1966-05-01,"Summer",169961379.493385,247313284.101525,4.13223880014568,1.39237661493392,2.51811288019274,2.4363469186202,13.9363469186202
"LOCAR","ECB23L",5,1970,1970,1970-05-01,"Summer",115705361.57917,305007364.841249,4.96253713633547,1.35585172370029,2.80114016308721,4.01490852204713,15.5149085220471
"LOCAR","ECB23L",5,1980,1980,1980-05-01,"Summer",114404890.382065,243032657.048176,4.77773717154433,1.63823565578035,2.71339059629213,3.6721243019824,15.1721243019824
"LOCAR","ECB23L",5,1967,1967,1967-05-01,"Summer",4747197.7621875,338163653.359033,3.37867081169878,0.832602493432275,2.30760599548592,0.825757332631231,12.3257573326312
"LOCAR","ECB23L",5,1977,1977,1977-05-01,"Summer",39097058.8806429,81204900.5489837,2.53449757468201,2.60092838973551,1.88784851443402,0,10.351901014054
"LOCAR","ECB23L",5,1974,1974,1974-05-01,"Summer",16651142.4680731,125301054.717983,2.07027832455389,1.37686944536201,1.64285703852685,0,9.18403467603132
"LOCAR","ECB23L",5,1973,1973,1973-05-01,"Summer",143596137.011153,124256882.715221,2.40210346955842,1.61097948665461,1.81399527353259,0,10.026232263182
"LOCAR","ECB23L",5,1983,1983,1983-05-01,"Summer",187128545.096995,408621226.480414,5.02171101999385,1.0241169357189,2.83018817783569,4.12431270657213,15.6243127065721
"LOCAR","ECB23L",5,1971,1971,1971-05-01,"Summer",18824631.5674866,264777093.480002,2.81661157663525,0.886472573217512,2.03666392786722,0,11.0304464526759
"LOCAR","ECB23L",5,1981,1981,1981-05-01,"Summer",955468.793861829,169236399.46204,2.4667814509456,1.21466257593268,1.84952814775374,0,10.1844391499091
"LOCAR","ECB23L",5,1991,1991,1991-05-01,"Summer",234752774.767004,87966614.7368749,3.1996934637216,3.03116270615136,2.22757427579055,0.422952734267841,11.9229527342678
"LOCAR","ECB23L",5,1968,1968,1968-05-01,"Summer",58697029.3363073,38698415.3193222,2.62074312065788,5.6435194633352,1.93442734148647,0,10.5617262077109
"LOCAR","ECB23L",5,1978,1978,1978-05-01,"Summer",122870503.628409,105083239.909386,3.32322289604341,2.63538925499207,2.28560834577512,0.703580582114051,12.2035805821141
"LOCAR","ECB23L",5,1988,1988,1988-05-01,"Summer",154912637.809092,325820815.156369,3.98750295786564,1.01986091034729,2.49796760888513,2.14186951294503,13.641869512945
"LOCAR","ECB23L",5,1975,1975,1975-05-01,"Summer",67176257.8753688,142199694.893157,2.99221061081083,1.75352615504266,2.12636568213986,0.0197202697066831,11.4442865969075
"LOCAR","ECB23L",5,1985,1985,1985-05-01,"Summer",16199708.0164167,202708300.062906,3.74815652800392,1.5408662459146,2.44641702843272,1.63850522766743,13.1385052276674
"LOCAR","ECB23L",5,1984,1984,1984-05-01,"Summer",196398689.523664,168001513.822132,5.1839656870622,2.57138838073736,2.91040047262527,4.4241264882027,15.9241264882027
"LOCAR","ECB23L",5,1994,1994,1994-05-01,"Summer",96643676.3992868,212083834.985292,4.30301239923848,1.69076708098981,2.54889622536188,2.77261045215271,14.2726104521527
"LOCAR","ECB23L",5,1972,1972,1972-05-01,"Summer",108495359.823563,46317397.049396,2.84627768425047,5.12096581696759,2.05225499359494,0,11.1014919901402
"LOCAR","ECB23L",5,1982,1982,1982-05-01,"Summer",210744846.765885,72264495.8609579,2.32728019586069,2.6837524293379,1.7712910353161,0,9.83938387732194
"LOCAR","ECB23L",5,1992,1992,1992-05-01,"Summer",96736926.6240508,393006447.749539,3.72846207171152,0.790585432940879,2.43971680265861,1.59560969512733,13.0956096951273
"LOCAR","ECB23L",5,2002,2002,2002-05-01,"Summer",6898450.09341261,225124531.634853,2.80090624509608,1.03679884223631,2.02796380921766,0.0120861245863279,10.991646366186
"LOCAR","ECB23L",5,1969,1969,1969-05-01,"Summer",152707704.403963,173740998.625676,5.1234150498153,2.45740071444587,2.87952952453346,4.31256734525006,15.8125673452501
"LOCAR","ECB23L",5,1979,1979,1979-05-01,"Summer",368199377.397399,93145729.6414955,4.23207741440131,3.78625106297588,2.53429479666854,2.63415178492904,14.134151784929
"LOCAR","ECB23L",5,1989,1989,1989-05-01,"Summer",82046403.0673451,261861806.008746,3.07826790754873,0.979609548788085,2.1685056849682,0.18643353898076,11.6432619780011
"LOCAR","ECB23L",5,1999,1999,1999-05-01,"Summer",36062953.3165994,125101491.44662,3.89353300471928,2.59358285800336,2.48309723433912,1.94760712317702,13.447607123177
"LOCAR","ECB23L",5,1976,1976,1976-05-01,"Summer",151914886.088118,22195163.9497055,2.5108239135119,9.42706828388929,1.87456282403206,0,10.2936374665414
"LOCAR","ECB23L",5,1986,1986,1986-05-01,"Summer",37749164.5629333,181168162.074219,3.39168589202878,1.56010022824324,2.31617204186709,0.857160357157956,12.357160357158
"LOCAR","ECB23L",5,1996,1996,1996-05-01,"Summer",167317045.988834,79373238.5613042,5.23039428511849,5.49134945640272,2.93414678927204,4.5096456648838,16.0096456648838
"LOCAR","ECB23L",5,1995,1995,1995-05-01,"Summer",121615327.405963,317797445.92973,5.06629963137505,1.32849285403406,2.85150467264128,4.20696766245547,15.7069676624555
"LOCAR","ECB23L",5,1965,1965,1965-05-01,"Summer",39361255.9622557,396888501.088556,3.49776761080925,0.7344144096759,2.35681269369537,1.0905961749822,12.5905961749822
"LOCAR","ECB23L",5,1993,1993,1993-05-01,"Summer",149536461.56608,324128802.715868,5.07742866646605,1.30540406157531,2.85719943970766,4.22746832812644,15.7274683281264
"LOCAR","ECB23L",5,2003,2003,2003-05-01,"Summer",140940893.05025,267246589.376401,4.39306595073891,1.36985407403134,2.57275807459095,2.94565885023855,14.4456588502386
"LOCAR","ECB23L",5,2013,2013,2013-05-01,"Summer",74809002.8980993,151514138.267629,3.6486254655949,2.00675742613433,2.41780013489587,1.4249511383018,12.9249511383018
"LOCAR","ECB23L",5,2006,2006,2006-05-01,"Summer",9820429.27642566,301235410.011134,4.12530230218421,1.14121773345298,2.52010280341216,2.41892071303909,13.9189207130391
"LOCAR","ECB23L",5,1990,1990,1990-05-01,"Summer",30995469.0716747,98018800.2773342,2.3863767946985,2.02884275597002,1.80489870493163,0,9.98670628359033
"LOCAR","ECB23L",5,2000,2000,2000-05-01,"Summer",7414023.60942628,261748985.994646,4.51976173719904,1.43896187411002,2.61714373470823,3.18542973109923,14.6854297310992
"LOCAR","ECB23L",5,2010,2010,2010-05-01,"Summer",213744806.742833,153924718.531294,4.68291277196501,2.53528305733263,2.67132150607779,3.49517888321306,14.9951788832131
"LOCAR","ECB23L",5,1987,1987,1987-05-01,"Summer",186298740.268545,284861796.594711,3.88980399182043,1.13792139390629,2.48247258734508,1.93989789092886,13.4398978909289
"LOCAR","ECB23L",5,1997,1997,1997-05-01,"Summer",96108242.4178905,112440638.145256,3.84026499410351,2.84614253459269,2.47409973683588,1.83645979191393,13.3364597919139
"LOCAR","ECB23L",5,2007,2007,2007-05-01,"Summer",5788661.23884757,127077253.58681,2.24818498034621,1.47429019021253,1.72714951966353,0,9.64109474690937
"LOCAR","ECB23L",5,2005,2005,2005-05-01,"Summer",175065491.46222,231428047.116906,5.11730605012557,1.8426555301155,2.87706178193831,4.30108876857512,15.8010887685751
"LOCAR","ECB23L",5,2004,2004,2004-05-01,"Summer",43728999.2943254,397045456.900624,3.78455528712369,0.794316121187212,2.45002992363778,1.7128009572592,13.2128009572592
"LOCAR","ECB23L",5,2014,2014,2014-05-01,"Summer",110891085.396665,160755457.024047,4.65201675928663,2.41153905721469,2.65896435817319,3.4371653076408,14.9371653076408
"LOCAR","ECB23L",5,2001,2001,2001-05-01,"Summer",17408305.6866302,113174720.016905,2.37190608565173,1.74649286025584,1.7965944939599,0,9.95049154399609
"LOCAR","ECB23L",5,2011,2011,2011-05-01,"Summer",31852961.2531101,272182342.211703,3.06062889398923,0.937064490517377,2.15947868093806,0.184729976060417,11.6016437327198
"LOCAR","ECB23L",5,1998,1998,1998-05-01,"Summer",123391039.906321,375534018.643967,5.10690646769314,1.13325429347562,2.87303435350492,4.28148295689683,15.7814829568968
"LOCAR","ECB23L",5,2008,2008,2008-05-01,"Summer",39467614.4210953,135793955.007475,2.31024884978522,1.41774158850815,1.7616086197604,0,9.79725278082055
"LOCAR","ECB23L",5,2016,2016,2016-05-01,"Summer",378085070.143871,246382868.4594,4.99324085156749,1.68884876979934,2.81591565564898,4.07179453927535,15.5717945392753
"LOCAR","ECB23L",5,2015,2015,2015-05-01,"Summer",124239468.280036,327507906.322096,4.81893334143658,1.22616208861262,2.73396030345436,3.74821473593038,15.2482147359304
"LOCAR","ECB23L",5,2012,2012,2012-05-01,"Summer",13074820.2084455,60628923.8077887,3.13150180447069,4.30419125586336,2.19486208076815,0.266952201328207,11.7669522013282
"LOCAR","ECB23L",5,2009,2009,2009-05-01,"Summer",156568067.892404,188359727.285149,2.92049904529909,1.29207513702309,2.08985392922558,0.0225901441822078,11.2756577983041
"LOCAR","ECB23L",6,1982,1982,1982-06-01,"Summer",829679643.559988,63058185.9917524,2.96595481793296,3.9196005658447,2.1076644069445,0.254896025673409,11.3725881547063
"LOCAR","ECB23L",6,1979,1979,1979-06-01,"Summer",124992382.358304,213612372.518951,4.13199398263188,1.6119517227657,2.5195183237915,2.43408044893079,13.9340804489308
"LOCAR","ECB23L",6,1983,1983,1983-06-01,"Summer",125936867.567099,113403739.968202,4.83037925001143,3.54954434730714,2.73697797733778,3.7702952728576,15.2702952728576
"LOCAR","ECB23L",6,1973,1973,1973-06-01,"Summer",148392729.770533,54919214.5852146,2.32490782348365,3.52776928961757,1.77010892065718,0,9.83429269267313
"LOCAR","ECB23L",6,1980,1980,1980-06-01,"Summer",63000410.9979475,251414663.109477,4.50142960510385,1.49203363526697,2.60381353162459,3.15306137200953,14.6530613720095
"LOCAR","ECB23L",6,1970,1970,1970-06-01,"Summer",87337163.6171136,110330138.550638,4.97617223560041,3.75854707590203,2.80622844870132,4.04067722875893,15.5406772287589
"LOCAR","ECB23L",6,1977,1977,1977-06-01,"Summer",53661995.0501938,63824548.0964689,2.56171089259713,3.34473042243503,1.90270570099245,0,10.418305928705
"LOCAR","ECB23L",6,1976,1976,1976-06-01,"Summer",329774262.5794,48437592.8142738,2.82254908308396,4.85598911763049,2.03988726589551,0,11.0448419036464
"LOCAR","ECB23L",6,1984,1984,1984-06-01,"Summer",172088148.952973,125716725.006969,5.17888804300118,3.43290841818786,2.90770038827476,4.41482283209116,15.9148228320912
"LOCAR","ECB23L",6,1974,1974,1974-06-01,"Summer",229092724.595436,15291231.5445422,1.91933070288344,10.4598654970583,1.57320201850756,0,8.78247414352764
"LOCAR","ECB23L",6,1993,1993,1993-06-01,"Summer",59251912.17728,198286100.455955,4.81135189718992,2.02205797839851,2.7293431028219,3.73447426986535,15.2344742698654
"LOCAR","ECB23L",6,1981,1981,1981-06-01,"Summer",9158722.37588842,65033297.7292375,2.23576923845708,2.86490320666906,1.72006246452899,0,9.60999208742121
"LOCAR","ECB23L",6,1971,1971,1971-06-01,"Summer",108499290.539203,75642476.9774548,2.53244198110863,2.78992492302905,1.88685588656904,0,10.3470901728646
"LOCAR","ECB23L",6,1990,1990,1990-06-01,"Summer",71306622.4713262,37323552.5156806,2.26912576090742,5.06634017031226,1.73821165894296,0,9.6943125153522
"LOCAR","ECB23L",6,1978,1978,1978-06-01,"Summer",121707987.129102,59664002.2475381,3.25002367683839,4.53934191808888,2.25162894811523,0.537838305225312,12.0378383052253
"LOCAR","ECB23L",6,1968,1968,1968-06-01,"Summer",795545778.629508,24440025.9276335,3.42803070188384,11.688581100644,2.3096522130179,0.989025294659853,12.4203046262763
"LOCAR","ECB23L",6,1967,1967,1967-06-01,"Summer",100438839.717178,67454894.7472898,3.08240390693753,3.80798151427128,2.17095638938266,0.153759410207944,11.6537594102079
"LOCAR","ECB23L",6,1966,1966,1966-06-01,"Summer",346748191.50122,24259662.4840317,4.24657588391978,14.5872319490395,2.5384201102218,2.66166032751837,14.1616603275184
"LOCAR","ECB23L",6,1985,1985,1985-06-01,"Summer",27344332.3317804,193892318.764752,3.37710898795968,1.45145383163987,2.30946925756842,0.82442789442891,12.3244278944289
"LOCAR","ECB23L",6,1975,1975,1975-06-01,"Summer",90382446.1149085,61540597.8023585,3.03115059331591,4.10454060890915,2.14575952900409,0.0354505405919063,11.5350817711514
"LOCAR","ECB23L",6,1994,1994,1994-06-01,"Summer",265302531.403643,36368807.9758522,4.38454512893988,10.0464871157611,2.56875085209098,2.93004500627793,14.4300450062779
"LOCAR","ECB23L",6,1965,1965,1965-06-01,"Summer",92998044.8418826,134167249.040603,3.2118263808274,1.99491455862887,2.23303559420264,0.449969772161551,11.9499697721616
"LOCAR","ECB23L",6,1992,1992,1992-06-01,"Summer",284021119.018762,50914126.3853475,3.60505306184223,5.90054489422233,2.39642167271933,1.32624012471898,12.826240124719
"LOCAR","ECB23L",6,1972,1972,1972-06-01,"Summer",267849823.963097,71118757.6020371,2.97272672166462,3.48328957307726,2.11568134056817,0.109427266802381,11.3969025565382
"LOCAR","ECB23L",6,1991,1991,1991-06-01,"Summer",186331114.628912,60739762.7166644,3.32333658462416,4.55952909591076,2.28567669446105,0.703860161631408,12.2038601616314
"LOCAR","ECB23L",6,2001,2001,2001-06-01,"Summer",69084675.6764893,31791776.8170299,2.22631311253573,5.83566290676556,1.71413670807392,0,9.5865192620168
"LOCAR","ECB23L",6,1989,1989,1989-06-01,"Summer",27463930.6435574,211222835.949704,2.61964716489704,1.03352428456206,1.93316728386669,0,10.5579577702701
"LOCAR","ECB23L",6,1969,1969,1969-06-01,"Summer",236121522.837259,87529534.8600983,4.99299779652219,4.75363144994685,2.81471263041988,4.07170884784827,15.5717088478483
"LOCAR","ECB23L",6,1988,1988,1988-06-01,"Summer",58526154.292547,79928564.4787785,3.85482027562608,4.01902655281805,2.47671600914603,1.86695378540806,13.3669537854081
"LOCAR","ECB23L",6,1987,1987,1987-06-01,"Summer",42041406.4291399,165814764.234233,3.58703922366046,1.80273413338983,2.39587386747247,1.29026273640377,12.7902627364038
"LOCAR","ECB23L",6,1986,1986,1986-06-01,"Summer",149599371.91439,43503584.0630669,3.25373820120194,6.23270141851036,2.25225081841586,0.54464383595868,12.0446438359587
"LOCAR","ECB23L",6,1996,1996,1996-06-01,"Summer",239339243.176004,307370972.709709,5.3094912921595,1.43949054063029,2.97501886344444,4.65514802211775,16.1551480221178
"LOCAR","ECB23L",6,1995,1995,1995-06-01,"Summer",106826757.231764,161701991.923206,4.76791739914921,2.45715247662375,2.70855131476956,3.65396692782847,15.1539669278285
"LOCAR","ECB23L",6,2005,2005,2005-06-01,"Summer",966470658.304198,635349353.684777,5.44024119378086,0.713549844956636,3.04417095638259,4.89502986879208,16.3950298687921
"LOCAR","ECB23L",6,2004,2004,2004-06-01,"Summer",47466941.5112101,111625119.175056,3.31804188902078,2.47707230052857,2.28326904404685,0.691943537686265,12.1919435376863
"LOCAR","ECB23L",6,2003,2003,2003-06-01,"Summer",281212325.520139,129956662.100995,4.45992723851311,2.85988111113991,2.5897188312463,3.07449342788092,14.5744934278809
"LOCAR","ECB23L",6,2002,2002,2002-06-01,"Summer",261649861.292954,59101595.803508,2.60880596605705,3.6784200868992,1.92661656888112,0,10.529836598974
"LOCAR","ECB23L",6,2012,2012,2012-06-01,"Summer",78010725.5839445,67979497.2766947,3.09243858228995,3.79089616008645,2.17587886939799,0.176966573599331,11.6769665735993
"LOCAR","ECB23L",6,1998,1998,1998-06-01,"Summer",29673463.1908686,324484411.253906,4.52319243236256,1.16163578163986,2.61601547871301,3.19287471920473,14.6928747192047
"LOCAR","ECB23L",6,2000,2000,2000-06-01,"Summer",4986591.19300494,213860183.629145,3.94475778434671,1.53712490929249,2.4907308894085,2.05302633419643,13.5530263341964
"LOCAR","ECB23L",6,1999,1999,1999-06-01,"Summer",175519816.513689,50606550.8811785,3.93924963353129,6.48672547483105,2.48918609307899,2.04039682508997,13.54039682509
"LOCAR","ECB23L",6,2009,2009,2009-06-01,"Summer",259430795.973508,98302547.1354645,3.19388275778527,2.7075279760079,2.22471000737117,0.409580751961166,11.9095807519612
"LOCAR","ECB23L",6,2016,2016,2016-06-01,"Summer",431513934.067455,402326801.748178,5.30898530749335,1.09964198350382,2.97478382493249,4.65420565055329,16.1542056505533
"LOCAR","ECB23L",6,1997,1997,1997-06-01,"Summer",121460859.904113,55131057.1127362,3.9762193075127,6.01025313702616,2.49692507708347,2.11943101847948,13.6194310184795
"LOCAR","ECB23L",6,2007,2007,2007-06-01,"Summer",65501080.7448917,27523951.837327,2.08051552902875,6.299106142549,1.64075499827821,0,9.21413449397461
"LOCAR","ECB23L",6,2006,2006,2006-06-01,"Summer",7457639.78142426,199069785.892837,3.70071338498011,1.5491692056558,2.43151081286895,1.53588367840504,13.035883678405
"LOCAR","ECB23L",6,2015,2015,2015-06-01,"Summer",63194615.2141696,220609141.678791,4.43944508505046,1.67696476343757,2.58365980206136,3.03532188926468,14.5353218892647
"LOCAR","ECB23L",6,2014,2014,2014-06-01,"Summer",160652675.976553,102660186.939645,4.5737134298012,3.71266405389311,2.62904771959708,3.28978627094224,14.7897862709422
"LOCAR","ECB23L",6,2013,2013,2013-06-01,"Summer",264467644.026537,49018742.7902451,3.79119288033765,6.4451416344976,2.45937845277416,1.73093353817619,13.2309335381762
"LOCAR","ECB23L",6,2011,2011,2011-06-01,"Summer",33781642.088151,224548931.776799,2.53466447606281,0.940650387425825,1.88728511147792,0,10.3513888666002
"LOCAR","ECB23L",6,2010,2010,2010-06-01,"Summer",111769389.892811,150706931.055224,4.66615462701633,2.58014821345901,2.66512155363108,3.46358641011934,14.9635864101193
"LOCAR","ECB23L",6,2008,2008,2008-06-01,"Summer",68234345.6077103,44284237.0930772,2.11272458321558,3.97568962438228,1.65570893910404,0,9.29682227349561
"LOCAR","ECB23L",7,1991,1991,1991-07-01,"Summer",395839762.846602,23099709.5874986,3.62929758245153,13.0928687245477,2.4066263799826,1.38010390428241,12.8801039042824
"LOCAR","ECB23L",7,1992,1992,1992-07-01,"Summer",412487104.113385,56801605.9737457,4.31036099313795,6.32370763591062,2.54993093398999,2.78720909224648,14.2872090922465
"LOCAR","ECB23L",7,1982,1982,1982-07-01,"Summer",593669707.879295,25754455.5830887,3.93185569435988,12.7222507243293,2.48655507312729,2.02491127639678,13.5249112763968
"LOCAR","ECB23L",7,1989,1989,1989-07-01,"Summer",99915974.5006542,28987030.9070166,2.55780080508547,7.35329077938993,1.90073564530414,0,10.4089896179847
"LOCAR","ECB23L",7,1988,1988,1988-07-01,"Summer",98905989.8691061,27502050.5863693,3.85079882972918,11.6682173014574,2.47475722598973,1.85801252573281,13.3580125257328
"LOCAR","ECB23L",7,1986,1986,1986-07-01,"Summer",249939837.258774,35857945.7505675,3.66747860314208,8.52316580136692,2.42330031636994,1.46549253450928,12.9654925345093
"LOCAR","ECB23L",7,1996,1996,1996-07-01,"Summer",182773558.812659,218076552.583227,5.35456051948953,2.04613183461727,2.99850220389819,4.73796727950711,16.2379672795071
"LOCAR","ECB23L",7,1995,1995,1995-07-01,"Summer",190505280.884514,131652089.270703,4.79471704415599,3.03496705516074,2.72061615060795,3.70391994652682,15.2039199465268
"LOCAR","ECB23L",7,1994,1994,1994-07-01,"Summer",321964641.566195,74621542.5244004,4.58094541956668,5.11575395946459,2.62965723512915,3.30387827361122,14.8038782736112
"LOCAR","ECB23L",7,1993,1993,1993-07-01,"Summer",39519702.9414375,122442689.353913,4.56767618772092,3.10871710118897,2.62659112587521,3.27844931893592,14.7784493189359
"LOCAR","ECB23L",7,2003,2003,2003-07-01,"Summer",222900929.547113,180261319.925997,4.58157131848084,2.11802293487113,2.62965502189746,3.30511067000525,14.8051106700052
"LOCAR","ECB23L",7,1983,1983,1983-07-01,"Summer",179777695.79651,133776192.378923,4.79373550216198,2.98616630814228,2.7200214823881,3.70214314561002,15.20214314561
"LOCAR","ECB23L",7,1973,1973,1973-07-01,"Summer",347141309.941441,4689670.00208414,2.4064232591247,42.7610623998287,1.81608181431307,0,10.0360314861394
"LOCAR","ECB23L",7,1990,1990,1990-07-01,"Summer",249674924.543516,13025433.2359548,2.42942195497469,15.5428096642793,1.82883522900431,0,10.0924048492616
"LOCAR","ECB23L",7,2000,2000,2000-07-01,"Summer",43917215.0722041,51997883.6454449,3.82242389711238,6.12592864223752,2.46949933651269,1.79858039965396,13.298580399654
"LOCAR","ECB23L",7,1980,1980,1980-07-01,"Summer",77600066.3242532,50064746.9633662,4.34866408701952,7.23840018972757,2.55844219816198,2.86158965530613,14.3615896553061
"LOCAR","ECB23L",7,1970,1970,1970-07-01,"Summer",150078370.73682,67690423.0766931,4.99874816660472,6.15393327864263,2.81741857140074,4.08237454938711,15.5823745493871
"LOCAR","ECB23L",7,1987,1987,1987-07-01,"Summer",50700892.2771711,32887025.3976898,3.44044288148913,8.71783233632213,2.33807295405433,0.96661030360544,12.4666103036054
"LOCAR","ECB23L",7,1997,1997,1997-07-01,"Summer",163825304.598392,29820828.0401732,4.04460895404044,11.3025280758796,2.50638979301091,2.26016610893081,13.7601661089308
"LOCAR","ECB23L",7,1977,1977,1977-07-01,"Summer",14628662.3673277,59590661.1764311,2.36286129977857,3.30429474061213,1.79168396817446,0,9.92864860050047
"LOCAR","ECB23L",7,1976,1976,1976-07-01,"Summer",246874326.132269,29687158.4911809,2.95938374533789,8.30713765296038,2.11002667894965,0,11.3678049333863
"LOCAR","ECB23L",7,1966,1966,1966-07-01,"Summer",349927863.603892,60964973.9467986,4.76519768106724,6.51357297556028,2.70857159641557,3.64848381827536,15.1484838182754
"LOCAR","ECB23L",7,2004,2004,2004-07-01,"Summer",37634948.866155,90157122.4271108,3.12340831761254,2.88700459221226,2.19087388789251,0.248174087690256,11.7481740876903
"LOCAR","ECB23L",7,1984,1984,1984-07-01,"Summer",465841322.229997,288504417.416571,5.36405440559512,1.54938540561119,3.00352875692084,4.75537831766401,16.255378317664
"LOCAR","ECB23L",7,1974,1974,1974-07-01,"Summer",1066802724.44225,21841066.5899772,3.00682479721923,11.4723670691333,2.12826919319599,0.286374671122796,11.4667600458842
"LOCAR","ECB23L",7,2002,2002,2002-07-01,"Summer",702636166.31274,42837291.7321101,3.45893050393037,6.72881494151044,2.33594455998404,1.00165948184191,12.5002245896344
"LOCAR","ECB23L",7,2001,2001,2001-07-01,"Summer",296848024.76536,17138717.3258828,2.31699660870747,11.265898553215,1.7656225882877,0,9.8122108431591
"LOCAR","ECB23L",7,1981,1981,1981-07-01,"Summer",14493164.8041416,54350565.8868332,2.05158586020225,3.14560640833374,1.62848699272145,0,9.13921594214453
"LOCAR","ECB23L",7,1971,1971,1971-07-01,"Summer",194421731.105251,8855712.44575561,2.6683636298144,25.1096269419229,1.95946877791634,0,10.6764520713085
"LOCAR","ECB23L",7,1999,1999,1999-07-01,"Summer",320570993.887701,63834994.3753652,4.37525713011744,5.71167530303451,2.56594055797986,2.91240751213219,14.4124075121322
"LOCAR","ECB23L",7,1998,1998,1998-07-01,"Summer",63038254.7544739,63757722.453206,4.29076426318134,5.60816282076063,2.54518863790408,2.74940123062581,14.2494012306258
"LOCAR","ECB23L",7,1978,1978,1978-07-01,"Summer",305041895.090815,32089722.4971749,3.34968520934279,8.69874877031031,2.2971683433583,0.762689560276988,12.262689560277
"LOCAR","ECB23L",7,1968,1968,1968-07-01,"Summer",939351321.07009,9785099.14282912,4.70623331409194,40.079932127726,2.70111805712894,3.53225490992716,15.0322549099272
"LOCAR","ECB23L",7,1967,1967,1967-07-01,"Summer",212541580.964522,33275177.1828237,3.29186747859316,8.24405196629174,2.27105022523836,0.632606034231135,12.1326060342311
"LOCAR","ECB23L",7,2005,2005,2005-07-01,"Summer",862731733.983216,1041672697.86832,5.60770508434761,0.448613809294672,3.13251646938876,5.20241792526061,16.7024179252606
"LOCAR","ECB23L",7,1985,1985,1985-07-01,"Summer",91935255.5671199,42434165.3981736,3.34054829469081,6.56025685778066,2.29362273786329,0.742807699256203,12.2428076992562
"LOCAR","ECB23L",7,1975,1975,1975-07-01,"Summer",121671465.388965,28082610.9564187,3.07026658701012,9.11081769834621,2.16497162795419,0.125614332101795,11.6256143321018
"LOCAR","ECB23L",7,2013,2013,2013-07-01,"Summer",836296161.611158,54576436.6384962,4.50557145575463,6.87960429638446,2.62677826899131,3.15291427968662,14.6529142796866
"LOCAR","ECB23L",7,1965,1965,1965-07-01,"Summer",200092698.153763,31251189.3145612,3.32547789254458,8.86760356294424,2.28621902792505,0.708137209417776,12.2081372094178
"LOCAR","ECB23L",7,2012,2012,2012-07-01,"Summer",145938644.366632,59345352.5636456,3.10280374655597,4.35698782987869,2.18093107151606,0.200870852450901,11.7008708524509
"LOCAR","ECB23L",7,1972,1972,1972-07-01,"Summer",134049578.909878,78062424.2232285,3.07848467391692,3.28634925248376,2.1690501938564,0.14473552207381,11.6447355220738
"LOCAR","ECB23L",7,2010,2010,2010-07-01,"Summer",200275491.448108,113953299.774582,4.66776579506571,3.4135078465618,2.66525798606962,3.46673153040075,14.9667315304007
"LOCAR","ECB23L",7,2006,2006,2006-07-01,"Summer",34373281.8445176,25589357.4520748,3.6295507637134,11.8198576970622,2.41182093511611,1.38367204708928,12.8836720470893
"LOCAR","ECB23L",7,1979,1979,1979-07-01,"Summer",66404368.6011047,71009881.4761033,3.79555071757909,4.45425181054602,2.46100997297088,1.74077272483599,13.240772724836
"LOCAR","ECB23L",7,1969,1969,1969-07-01,"Summer",113054862.021929,104630291.235479,4.96477855024985,3.95422339906346,2.80081397473782,4.01955851729562,15.5195585172956
"LOCAR","ECB23L",7,2007,2007,2007-07-01,"Summer",182345411.525615,7584646.29920457,2.08701043535608,22.9302105093434,1.64498865379347,0,9.23078171104951
"LOCAR","ECB23L",7,2016,2016,2016-07-01,"Summer",278614678.496629,169779101.147663,5.35563353038045,2.62872633428661,2.9990380116025,4.73994973673626,16.2399497367363
"LOCAR","ECB23L",7,2015,2015,2015-07-01,"Summer",115078318.952695,120723640.348672,4.25959554737157,2.94032133713902,2.53886415221377,2.68852177249014,14.1885217724901
"LOCAR","ECB23L",7,2014,2014,2014-07-01,"Summer",366701280.824597,61386762.7956529,4.91539045843642,6.67270683257752,2.77869988391595,3.92745004917149,15.4274500491715
"LOCAR","ECB23L",7,2009,2009,2009-07-01,"Summer",509308399.691746,36838208.3320092,3.71465297950594,8.40308008926298,2.4354030885168,1.56564946856006,13.0656494685601
"LOCAR","ECB23L",7,2011,2011,2011-07-01,"Summer",258258420.172627,12468459.9198056,2.64470902529545,17.6759936826309,1.94672133172125,0,10.6191033914256
"LOCAR","ECB23L",7,2008,2008,2008-07-01,"Summer",433582766.290626,5178027.08530962,2.44470916581658,39.3442831529465,1.83699239168505,0,10.1293885593361
"LOCAR","ECB23L",8,2000,2000,2000-08-01,"Summer",56568838.8686094,98278379.8818315,3.76329320681264,3.19101482555435,2.45348005697655,1.67250194122991,13.1725019412299
"LOCAR","ECB23L",8,2004,2004,2004-08-01,"Summer",529651655.970313,20276167.5212528,3.36573868557031,13.8329012868698,2.30066380617518,0.79561655537145,12.2956165553714
"LOCAR","ECB23L",8,2003,2003,2003-08-01,"Summer",702815954.835593,107630903.63434,4.85608052565444,3.75982513825851,2.75354176015028,3.81641453414258,15.3164145341426
"LOCAR","ECB23L",8,2001,2001,2001-08-01,"Summer",337159084.910889,39696121.7198513,2.84223402493128,5.96664926318215,2.04983756544332,0,11.0907670164226
"LOCAR","ECB23L",8,1991,1991,1991-08-01,"Summer",712952622.250884,41509455.51953,4.21521153263091,8.4623520911753,2.53724688528747,2.59689239183089,14.0968923918309
"LOCAR","ECB23L",8,2002,2002,2002-08-01,"Summer",489464998.509688,33852408.0399636,3.9870085206075,9.81468466462992,2.49773565072354,2.14007224473084,13.6400722447308
"LOCAR","ECB23L",8,1998,1998,1998-08-01,"Summer",215936899.089893,90658854.5222542,4.4229963148811,4.06560427199766,2.57870433233042,3.00401227961018,14.5040122796102
"LOCAR","ECB23L",8,1997,1997,1997-08-01,"Summer",514626635.283261,32442946.6761703,4.42549167328366,11.3673698155328,2.58467487552022,3.00647844630434,14.5064784463043
"LOCAR","ECB23L",8,1996,1996,1996-08-01,"Summer",107016055.849009,57724278.152347,5.20394298867808,7.51264337301273,2.92051261717283,4.46097334528298,15.960973345283
"LOCAR","ECB23L",8,1986,1986,1986-08-01,"Summer",252646955.86837,16851856.3446205,3.89787791568235,19.2752153233188,2.481906275991,1.95554030601637,13.4555403060164
"LOCAR","ECB23L",8,2005,2005,2005-08-01,"Summer",464998084.576275,316011034.214233,5.48219853255534,1.44567698039061,3.06555691240697,4.97230756932505,16.4723075693251
"LOCAR","ECB23L",8,1995,1995,1995-08-01,"Summer",808699119.938561,167097937.534099,5.27869778750932,2.63253687498493,2.96039950515388,4.5979893431026,16.0979893431026
"LOCAR","ECB23L",8,1994,1994,1994-08-01,"Summer",380587439.956562,72337589.010651,4.81546361402273,5.54744276095252,2.7309961572062,3.74222182656752,15.2422218265675
"LOCAR","ECB23L",8,1993,1993,1993-08-01,"Summer",32565374.1727811,86003883.8419001,4.35041811533931,4.21533106122726,2.55956902160986,2.8646308738636,14.3646308738636
"LOCAR","ECB23L",8,1965,1965,1965-08-01,"Summer",352880460.881637,22498187.2326351,3.59137348083492,13.3024550070764,2.39773771685964,1.29991466664055,12.7999146666405
"LOCAR","ECB23L",8,1992,1992,1992-08-01,"Summer",369030380.047899,18061055.6762469,4.49854088092535,20.7561735849585,2.60804611556635,3.14603507208495,14.646035072085
"LOCAR","ECB23L",8,1982,1982,1982-08-01,"Summer",556043984.24267,28689855.2028246,4.46499254225285,12.9691387155475,2.59964530424786,3.08101386059966,14.5810138605997
"LOCAR","ECB23L",8,1990,1990,1990-08-01,"Summer",341917091.547845,4531741.25844992,2.7560447834145,50.680386526841,2.00469997589776,0,10.8842582284077
"LOCAR","ECB23L",8,1999,1999,1999-08-01,"Summer",332586586.486768,29216351.1755082,4.48677760840862,12.7975643429248,2.59901655344198,3.1252934302527,14.6252934302527
"LOCAR","ECB23L",8,1989,1989,1989-08-01,"Summer",138264961.995427,19601036.4202485,2.56894497922644,10.9218075860376,1.90669882247141,0,10.4360244232182
"LOCAR","ECB23L",8,1988,1988,1988-08-01,"Summer",277489046.009128,31853564.5674215,4.06457957722618,10.633502698008,2.50923475612598,2.29920035794438,13.7992003579444
"LOCAR","ECB23L",8,1987,1987,1987-08-01,"Summer",68403751.6657682,69350427.3043064,3.36753604938627,4.04652162969581,2.30520251114103,0.802723030225851,12.3027230302259
"LOCAR","ECB23L",8,2006,2006,2006-08-01,"Summer",96441979.6098007,58494272.4929534,3.57625481156034,5.09487889318731,2.39240934808198,1.26688128105557,12.7668812810556
"LOCAR","ECB23L",8,1977,1977,1977-08-01,"Summer",56142355.5386751,15478311.8285099,2.34229030841018,12.6106038692575,1.77994009912616,0,9.87736433930019
"LOCAR","ECB23L",8,1976,1976,1976-08-01,"Summer",401189610.714248,9624034.9399857,3.08166968915672,26.6837983269113,2.16987561844289,0.202668945101005,11.6503657635975
"LOCAR","ECB23L",8,1966,1966,1966-08-01,"Summer",578480713.660121,275683785.207046,5.38397279563862,1.6274602414487,3.01462911811239,4.79169538385723,16.2916953838572
"LOCAR","ECB23L",8,2013,2013,2013-08-01,"Summer",610889854.157386,122082017.235895,5.36663910102819,3.66327437251904,3.00529654849251,4.75995443798733,16.2599544379873
"LOCAR","ECB23L",8,1984,1984,1984-08-01,"Summer",296900727.525299,160936472.520885,5.42943108884478,2.81137385236495,3.0376744569284,4.87547797604439,16.3754779760444
"LOCAR","ECB23L",8,1983,1983,1983-08-01,"Summer",237480426.714094,112525761.941218,4.82986326698225,3.57685741147978,2.73667661799712,3.76936646960792,15.2693664696079
"LOCAR","ECB23L",8,1973,1973,1973-08-01,"Summer",420588860.751871,2941950.35070851,2.7734052756961,78.5591457219352,2.01432060498363,0,10.9280073293229
"LOCAR","ECB23L",8,2010,2010,2010-08-01,"Summer",167669175.41825,64702625.4529002,4.644095362081,5.98133296958411,2.65509473169563,3.42245407262558,14.9224540726256
"LOCAR","ECB23L",8,1981,1981,1981-08-01,"Summer",215829205.564596,11960048.0967644,2.17255789161263,15.1376055934673,1.68853163425896,0,9.44787877255152
"LOCAR","ECB23L",8,1980,1980,1980-08-01,"Summer",78650295.6048695,29576707.5550123,4.33033569250087,12.2008613378352,2.55407562252578,2.82616942744249,14.3261694274425
"LOCAR","ECB23L",8,1970,1970,1970-08-01,"Summer",114096406.32396,133104652.680379,5.03622224135813,3.15304670669644,2.83572510978439,4.15167500842143,15.6516750084214
"LOCAR","ECB23L",8,2007,2007,2007-08-01,"Summer",126793973.69343,22350357.3616423,2.20997355437386,8.23988895947369,1.70482172395157,0,9.54536195588019
"LOCAR","ECB23L",8,1978,1978,1978-08-01,"Summer",662034868.973256,26501256.0811646,3.89237986876168,12.239608117821,2.47552621970236,1.94060453443405,13.4406045344341
"LOCAR","ECB23L",8,1968,1968,1968-08-01,"Summer",293354596.880303,39669173.5722508,5.18256638111846,10.8870564437969,2.90957468243974,4.4216002473671,15.9216002473671
"LOCAR","ECB23L",8,1967,1967,1967-08-01,"Summer",264278741.434066,24178623.9961218,3.46046354315324,11.9267317269871,2.34581560808829,1.01066927168914,12.5106692716891
"LOCAR","ECB23L",8,2014,2014,2014-08-01,"Summer",372823079.354866,56378123.954281,5.37277445034214,7.94157685272144,3.00834088292401,4.77129150565426,16.2712915056543
"LOCAR","ECB23L",8,1985,1985,1985-08-01,"Summer",147673704.118058,25186895.2473024,3.39899305098999,11.24590459184,2.31957922018459,0.87364023453992,12.3736402345399
"LOCAR","ECB23L",8,1975,1975,1975-08-01,"Summer",187663270.128348,15109122.0760349,3.12404586530231,17.2304621096939,2.1912731945274,0.249842894778284,11.7498428947783
"LOCAR","ECB23L",8,1974,1974,1974-08-01,"Summer",868087922.387813,23065350.8368737,4.0185036726875,14.5185437856831,2.4970613325145,2.19551348618006,13.6955134861801
"LOCAR","ECB23L",8,2011,2011,2011-08-01,"Summer",171721616.907891,5204711.15131223,2.83049130142778,45.3193785902051,2.04398042301213,0,11.0638970573585
"LOCAR","ECB23L",8,1979,1979,1979-08-01,"Summer",113729855.062777,48697210.0883526,3.70099810269228,6.3333506785732,2.43516137369451,1.53878043857211,13.0387804385721
"LOCAR","ECB23L",8,1972,1972,1972-08-01,"Summer",95574066.7157129,65023820.7739928,3.00980790343951,3.85731447800348,2.13517750596182,0.0153719343925302,11.48541703942
"LOCAR","ECB23L",8,1971,1971,1971-08-01,"Summer",180415104.422886,12128052.1198085,2.85364712830001,19.6077593507316,2.05597947026757,0,11.1187705248384
"LOCAR","ECB23L",8,2008,2008,2008-08-01,"Summer",1059111540.7441,18432122.9182069,3.19231258957936,14.4327406187617,2.18939447859041,0.679452813307481,11.8717802847135
"LOCAR","ECB23L",8,1969,1969,1969-08-01,"Summer",313081811.035958,95821132.5699868,5.1785259925573,4.50363944924063,2.90876973820821,4.41368496236781,15.9136849623678
"LOCAR","ECB23L",8,2016,2016,2016-08-01,"Summer",235255151.809278,217430069.973941,5.44413747751785,2.08654728934623,3.04543677054021,4.90246665780247,16.4024666578025
"LOCAR","ECB23L",8,2015,2015,2015-08-01,"Summer",307089794.019961,70063301.9834631,4.44139053883376,5.28259256641236,2.58517117279587,3.03877391208966,14.5387739120897
"LOCAR","ECB23L",8,2012,2012,2012-08-01,"Summer",418433083.599032,11022580.7798714,3.24420649686914,24.5269730206428,2.24262248988186,0.519105249426935,12.0191052494269
"LOCAR","ECB23L",8,2009,2009,2009-08-01,"Summer",352847782.122681,15047124.4697319,4.06528462723623,22.5141833323579,2.50898716412714,2.30060884418151,13.8006088441815
