"WY","Season","Alt","Inflow.Q.m3","Outflow.Q.m3","mean.vol.km3","mean.area.km2","mean.depth.m","mean.STG","WRT.yr","mean.delta.min"
1965,"Summer","LCR1",175508163.344088,107599237.119779,3.35182132464884,1459.60379660971,2.29470901596341,12.26406075,21.3524997941457,0.772715437078148
1965,"Summer","NA25f",166525383.710519,127440041.190859,3.32217381093011,1454.85708301443,2.28194048315474,12.1975864881054,7.3458795434243,0.708738604057063
1965,"Summer","PA_FWOLL",168819264.023412,118325459.290612,3.30477840896578,1452.31274433019,2.27383704682806,12.1580044946237,20.9344709355153,0.673453286959506
1965,"Summer","PA25",166680528.437806,145071100.184801,3.38594816726994,1464.81179114586,2.31005436845863,12.3411827076266,6.2021774307681,0.84467693759963
1966,"Summer","LCR1",374409820.541551,86920413.496658,4.13328178841829,1620.6677953986,2.54055748052835,13.8971288709677,58.1822945215287,2.40344337261903
1966,"Summer","NA25f",360587862.869226,202544145.484978,4.20886746143291,1641.36635511371,2.55772761466617,14.0602514466506,2.57546160911384,2.56571558719817
1966,"Summer","PA_FWOLL",376104390.014833,97177895.0876733,4.18309520872405,1626.47874367198,2.56070725508564,13.9928549489247,55.9134573440134,2.49965323317281
1966,"Summer","PA25",370259067.885466,127120393.045287,4.57503377040157,1699.26342416538,2.68415396344431,14.7712985724245,6.02455400583554,3.27747191286228
1967,"Summer","LCR1",190243136.979069,94156226.0281393,3.23278129669416,1441.5676596173,2.24089553615443,11.9948162849462,16.2816731771255,0.516636146222614
1967,"Summer","NA25f",138485777.532178,90321444.9501242,3.13434271538791,1427.27455054652,2.19451209114848,11.7699599569592,16.9385543909858,0.346880220492601
1967,"Summer","PA_FWOLL",141358273.098244,97440122.4949648,3.12016664628969,1425.28529561569,2.18753362946904,11.7371219139785,17.1952372536088,0.328415265372196
1967,"Summer","PA25",136661546.596394,116618692.003477,3.33149521936916,1456.126523041,2.2866612432698,12.2193509636727,6.16042057427338,0.723373895784909
1968,"Summer","LCR1",494799904.034648,74366579.1621625,3.93691167826318,1592.88311112778,2.43958613690392,13.4225544247312,32.325876423524,2.09772368279966
1968,"Summer","NA25f",492828873.131663,133836129.781033,3.81434856649096,1575.9400380075,2.38646370001047,13.1641118068766,9.28504872994372,1.93668660992952
1968,"Summer","PA_FWOLL",498095588.695547,80151465.4251994,3.7993681047342,1571.27848514279,2.38038965143767,13.1210326021505,30.4286479394526,1.93301698062327
1968,"Summer","PA25",499510478.018478,27454180.1266223,3.94380412227566,1585.0848765074,2.44768062165666,13.4108501525477,15.259228056619,2.15689986042034
1969,"Summer","LCR1",248304863.454796,84344181.5713591,4.36767788438252,1698.18661264861,2.57101591106514,14.3952101586022,13.2746812311574,2.89714216871242
1969,"Summer","NA25f",236057017.754668,113987201.960748,3.87614769174968,1564.6913221017,2.47656048703094,13.4079916862208,3.59930840936474,1.90956254817849
1969,"Summer","PA_FWOLL",249026946.888994,102769017.28686,4.20659058085384,1658.32433585489,2.53571820064657,14.080384594086,6.7551517297834,2.58243776380665
1969,"Summer","PA25",227462036.117787,115364630.28028,5.07620201919729,1776.95040551649,2.85652330138171,15.7251988539239,3.92080327836046,4.22625897067713
1970,"Summer","LCR1",139463146.838837,135101010.967157,4.81750959548919,1763.13121943477,2.73214397636147,15.2459833252688,4.56263792715432,3.74617812463347
1970,"Summer","NA25f",138317234.116812,188731935.340631,4.77456834795474,1760.05860710669,2.71251143931827,15.1660225297628,7.38665986455434,3.66720294405686
1970,"Summer","PA_FWOLL",139794737.675065,164667999.227983,5.00609115396046,1774.2214792265,2.82144919247006,15.5957922983871,3.5497977792318,4.09579198292422
1970,"Summer","PA25",139891684.822371,154593117.679214,5.06292430185902,1776.71222151066,2.84950309304654,15.7008271825719,3.60580076068949,4.20096628597786
1971,"Summer","LCR1",128875804.919735,95002813.1373773,2.88121120361435,1391.66116465625,2.06936352280855,11.1820241424731,9.9508796329317,0.0234500572944479
1971,"Summer","NA25f",127249016.347938,81291576.8660668,2.69764286679304,1365.73642050821,1.97418105818563,10.7450795452807,10.4322731048719,0
1971,"Summer","PA_FWOLL",131886810.09111,88010800.245232,2.65240722785176,1359.37262358854,1.95007349047049,10.6359919569892,9.39674582968714,0
1971,"Summer","PA25",118804038.586018,91656833.2801065,2.79501762300941,1379.45506424927,2.02516028121678,10.9778741724968,12.3591016959356,0.00338656844629674
1972,"Summer","LCR1",164676268.609589,55107478.0823677,3.21366481367219,1438.40461229351,2.23333751783123,11.9531847069892,5.44774050859607,0.458392739188972
1972,"Summer","NA25f",156787669.438632,45037789.2811882,3.15525271316642,1430.09108229483,2.20542696143985,11.8194432978705,8.33972968580955,0.345060873128466
1972,"Summer","PA_FWOLL",158481873.9008,58642638.6610304,2.97767257252078,1405.18382536024,2.11824665300056,11.4086827043011,4.42575406396639,0.0839968923354537
1972,"Summer","PA25",155685190.981361,66908772.1407029,2.99793990680466,1407.99761033662,2.12856883396466,11.45633218043,3.89773971874943,0.0940758506251553
1973,"Summer","LCR1",275512039.521768,55694541.5715242,2.61042268186497,1353.32785400449,1.92679169534276,10.5322014543011,32.8224081062083,0.0022255364408504
1973,"Summer","NA25f",270188177.941886,51862500.7845027,2.568112436843,1347.43362011814,1.90387410233448,10.4295252033289,32.7551211036504,0
1973,"Summer","PA_FWOLL",279931982.994946,45324724.8640673,2.47486733716095,1334.4611213577,1.85223453256074,10.2007676717742,31.3650256027753,0
1973,"Summer","PA25",277628272.650329,47253822.2548995,2.46207732608815,1332.67234248016,1.84517559361639,10.1694190529648,31.559546761344,0
1974,"Summer","LCR1",521633448.576749,50658942.5805758,2.83124422398882,1390.61924236373,1.99722234360211,10.9778143639785,20.1130630616288,0.649062626175194
1974,"Summer","NA25f",504689474.943176,45476530.2651531,2.81618406496252,1386.79215800397,1.99365448596015,10.9466809307461,20.6734713566523,0.618977570842002
1974,"Summer","PA_FWOLL",522389052.680282,45196520.0580197,2.73996536620731,1370.96547114007,1.95712422719406,10.7557419043011,20.1478207972887,0.585574369107294
1974,"Summer","PA25",517009570.37169,45845684.3181802,2.73055984248347,1368.48442756463,1.95514408838384,10.7364997301544,9.74733757039786,0.564578565443984
1975,"Summer","LCR1",125079864.588687,50393468.0762726,3.04374670177905,1414.39516722417,2.15153817640215,11.5633241424731,13.5196934439428,0.126768676900958
1975,"Summer","NA25f",114714010.707023,39756916.0884517,2.96816478275411,1403.80437577906,2.11398403906333,11.387468701477,18.7879171504558,0.0467386152207569
1975,"Summer","PA_FWOLL",125544540.037079,52767836.7378315,2.88467441927309,1392.1856497859,2.07153466531345,11.1912469408602,16.4030882837275,0.00126391637115853
1975,"Summer","PA25",114387019.533885,61974856.4536343,3.04376512396178,1414.37941892529,2.15182242931313,11.563948246247,8.10090158437719,0.0924937122326106
1976,"Summer","LCR1",285731262.288467,16504757.8652734,2.91310194227299,1395.98731747272,2.08310455174764,11.2508917258065,17.1115483651149,0.131576498878684
1976,"Summer","NA25f",278635701.174335,14692188.0544914,2.89629963759374,1393.61907816994,2.07466445559348,11.2115457072706,20.4443707216669,0.107676074333254
1976,"Summer","PA_FWOLL",281384134.677971,17942975.2276321,2.832550018716,1384.68766609674,2.04196332390027,11.0608745591398,16.012262504281,0.0533995521098374
1976,"Summer","PA25",274533051.689035,27521208.6278163,2.83643509033377,1385.22154107676,2.04466991549929,11.0716592599926,14.1403490206419,0.0447614669844276
1977,"Summer","LCR1",43927400.394437,63944360.419417,2.61928509201543,1354.68854616428,1.93271866041055,10.5567163198925,5.51406604518661,0
1977,"Summer","NA25f",43486536.1421211,59851394.8614864,2.58213620597214,1349.44116717,1.9127268731216,10.4666185602462,5.55937849293572,0
1977,"Summer","PA_FWOLL",41459265.2360531,56567109.2831339,2.50158061272296,1338.00029947593,1.8689337466306,10.2700427177419,5.51106452596599,0
1977,"Summer","PA25",41896927.9188342,54509485.293313,2.45213050096297,1331.04872015327,1.84155403835297,10.148489944669,5.48267435335887,0
1978,"Summer","LCR1",294478119.981225,29867677.8761541,3.64791082254651,1518.27867802527,2.39948637216465,12.9113108870968,17.6324762356571,1.4148166262624
1978,"Summer","NA25f",285514673.963136,20041045.8842999,3.54474141004702,1497.91640349764,2.36323923125703,12.6871637869451,78.5581436048629,1.19050924569343
1978,"Summer","PA_FWOLL",293346011.546645,25635658.6443794,3.50974273706234,1491.9461371555,2.34899207261825,12.6095105268817,75.7268639622633,1.11309542274171
1978,"Summer","PA25",292745346.603285,49181128.7905321,3.42422885290373,1475.28843212976,2.31804540263274,12.4219965816101,7.17942515415295,0.92536075698093
1979,"Summer","LCR1",212691203.390477,61995728.374664,3.63763141218273,1507.95098905594,2.41168842438187,12.8995597580645,8.33192398770329,1.39827970621079
1979,"Summer","NA25f",154853976.565596,131756733.441022,3.64658364905969,1517.60110963877,2.39979082621842,12.9105619720567,8.17208525131417,1.40813168696807
1979,"Summer","PA_FWOLL",164109345.605889,81320638.9134213,3.60130746987487,1502.99411212867,2.39462000755864,12.8177247258065,4.90902199585987,1.31542392080411
1979,"Summer","PA25",162599996.869452,106932302.908652,3.90900729214983,1578.07120040544,2.47537192487502,13.4715902311828,4.02396757147283,1.96914472799801
1980,"Summer","LCR1",101658254.602686,125187770.947879,3.88617440453072,1567.19721863338,2.47907263142114,13.4293781317204,7.32901533031345,1.92993545066347
1980,"Summer","NA25f",77770332.4552618,214850748.710741,3.79447445178918,1548.51601712622,2.44815226684388,13.2285739079249,2.66278693666355,1.72857330322291
1980,"Summer","PA_FWOLL",83339249.8614103,149313247.365364,3.7102561038778,1525.33693690785,2.43138232738654,13.0545991639785,4.68945973600324,1.55482702901578
1980,"Summer","PA25",80170457.0718327,139388946.831877,4.42984633310884,1710.63209947737,2.58857195407129,14.5144190698925,5.58728673892857,3.01447394109806
1981,"Summer","LCR1",66378612.0486568,73206384.2178923,2.13504331613211,1270.32917430242,1.67824265329475,9.34822152876344,5.46338176841615,0
1981,"Summer","NA25f",60069875.6751602,70282072.0040405,1.89841636699627,1217.29215536338,1.55650050031322,8.72288792317733,4.70525508934739,0
1981,"Summer","PA_FWOLL",58196621.3692269,69549951.2454156,1.91830207924948,1221.70762932161,1.56717560502463,8.77649020672043,4.96577484706897,0
1981,"Summer","PA25",60109520.3232631,75710407.719745,2.23388068626589,1295.07213538517,1.72271845230233,9.60095467849462,5.57004910271662,0
1982,"Summer","LCR1",536450099.766156,70258279.148947,3.334864612738,1487.18298148619,2.2078507556315,12.1381233387097,25.2082546237195,1.23960871351439
1982,"Summer","NA25f",543904832.28787,34768774.7636625,3.13969338354103,1443.76184803964,2.13256380976307,11.6851105296632,14.0760911175549,1.05206183502617
1982,"Summer","PA_FWOLL",552684570.9087,58251698.3920709,3.16708196709974,1450.40670386639,2.14247332456201,11.7490014376344,24.8470906024919,1.07857423450813
1982,"Summer","PA25",530839494.015809,47971655.2390844,3.34713205862767,1488.46201938671,2.21501567476893,12.1667766263441,7.93281806127761,1.24234209334665
1983,"Summer","LCR1",210053120.297903,226735709.877058,4.53832653399301,1733.51950717828,2.61759002255441,14.7226298655914,2.26090905455242,3.22324440130793
1983,"Summer","NA25f",208759662.976312,187111701.98313,4.37691728037653,1703.1388102446,2.56941186783815,14.4144018450716,10.7456646821016,2.91592611079822
1983,"Summer","PA_FWOLL",206574374.590456,231787216.476485,4.83472582560299,1764.28120487043,2.74011100210849,15.2779500672043,2.39829952139705,3.77847779242184
1983,"Summer","PA25",206204745.526898,193537020.690187,4.9359093504164,1770.68911502121,2.78744729438719,15.465917766129,2.77668452368943,3.9665303646389
1984,"Summer","LCR1",308106839.577447,139084174.707174,4.72303395482076,1750.61085068226,2.69669156580153,15.0677599784946,4.70382353949316,3.57078148698897
1984,"Summer","NA25f",293190951.546178,177559858.691075,4.75272791226561,1756.39161656697,2.70533672375418,15.1244900708957,2.24847782085256,3.62692409584962
1984,"Summer","PA_FWOLL",292072009.98528,148186525.977126,4.91493641464889,1766.76568392986,2.78106708867122,15.4257018655914,4.68631556866075,3.92892037869375
1984,"Summer","PA25",292117328.975239,198727744.002658,5.28485049595977,1783.74516722553,2.96266682578026,16.1096505510753,2.7485107932006,4.61108070936825
1985,"Summer","LCR1",119487871.950179,82347676.6268485,3.32190122916288,1454.272938717,2.28348787152641,12.1989651612903,20.5722327552676,0.701694761228328
1985,"Summer","NA25f",74125506.0570869,88137277.4305221,3.07911095669066,1419.48244835512,2.16796984234481,11.6433836967217,22.9484629323747,0.217359421471902
1985,"Summer","PA_FWOLL",77147947.9085948,82921650.9402246,3.23550598561874,1441.95958590227,2.24269538090352,12.0022507768817,17.7315065220396,0.504194983245183
1985,"Summer","PA25",73689697.5541188,116075837.513827,3.48303114890179,1481.82986631029,2.34898519073223,12.5571309005376,5.2240883046375,1.05876867683255
1986,"Summer","LCR1",185779760.915113,49859704.1098227,3.65529635693218,1521.26564446974,2.39884532586845,12.9259970645161,54.1736371567363,1.43163004947417
1986,"Summer","NA25f",184404891.609451,53895099.3698913,3.36214683160276,1464.7343232246,2.29111066714686,12.280499708066,11.7557826657955,0.813074379342823
1986,"Summer","PA_FWOLL",183454343.10828,55712938.7263635,3.5431371097926,1498.0805764642,2.36105277752537,12.6821221317204,51.9546854396869,1.18857631510367
1986,"Summer","PA25",180834904.765717,69520644.4512656,3.53968351943823,1496.158910951,2.3622993028594,12.6762330188172,8.78737373599272,1.18179509988848
1987,"Summer","LCR1",129827181.871006,102365503.123493,3.5056388909449,1483.62490246974,2.36218463964826,12.6096029919355,6.93955879946746,1.11044746953546
1987,"Summer","NA25f",106726961.701976,102997353.979539,3.40062447240649,1466.73816279894,2.31749601200048,12.3752222163016,5.54904013619719,0.875039432451337
1987,"Summer","PA_FWOLL",107550193.96313,115339650.868143,3.37821812070413,1463.4461310527,2.3072962389434,12.3247449274194,6.15161950427126,0.824824489388875
1987,"Summer","PA25",107437583.794131,138877926.157953,3.49119945909136,1482.81465250369,2.35295526114721,12.5754343736559,3.83237414518335,1.07528214857226
1988,"Summer","LCR1",181950133.927234,84622554.2588746,3.63759190257808,1509.23962421774,2.40927118573989,12.8981366102151,78.2386538057099,1.39989210720623
1988,"Summer","NA25f",160982541.899682,70962238.0987774,4.32345362801397,1691.8107114982,2.55514711881918,14.3115586684448,24.7073806401833,2.81241717256772
1988,"Summer","PA_FWOLL",174010250.64708,112696508.520414,3.61523761303403,1503.98740882648,2.40302738117095,12.8502370725806,22.0390769158284,1.35180646100217
1988,"Summer","PA25",178547767.212674,116082582.820292,3.92316949110899,1577.24426123905,2.48690641617829,13.5076036854839,6.870864100234,2.00899131383653
1989,"Summer","LCR1",99925834.8253896,114558501.233703,2.52670984644607,1341.6580624085,1.88126829767961,10.328618611828,5.02312130131404,0
1989,"Summer","NA25f",82177535.7881057,125119638.908443,2.96070139342645,1402.97135207102,2.10796657615146,11.3654383080058,5.45601358030376,0.175513709622041
1989,"Summer","PA_FWOLL",94846925.4963618,102840989.442479,2.42813336713902,1327.90289119209,1.82680349497572,10.0869535844086,5.06205011123438,0
1989,"Summer","PA25",93399938.9097547,130119779.912647,2.70871140476331,1367.07112412274,1.97882482972786,10.7681450188172,5.21813562943786,0.0426114499313748
1990,"Summer","LCR1",190247557.538786,36370579.8425718,2.41200056599501,1325.1695081001,1.81716823848861,10.0443539516129,22.1904341269824,0
1990,"Summer","NA25f",176349467.535383,43915843.1063584,2.57308661769228,1348.16517740347,1.90618225503664,10.4408566962419,18.9599029230058,0.0056440970588626
1990,"Summer","PA_FWOLL",189880296.51471,36389062.3513058,2.32838699391388,1311.73536668532,1.77192701570412,9.83627988010753,21.4328927178928,0
1990,"Summer","PA25",180232954.55242,38578712.9162888,2.45688996837819,1331.78038442377,1.84219624578727,10.1559316225806,18.2813865956985,0
1991,"Summer","LCR1",361589740.754001,48620476.7413383,3.64200391271038,1524.71265305774,2.38161093095142,12.8851729596774,73.1536934942141,1.38983844382694
1991,"Summer","NA25f",350097321.887263,35565035.3143108,3.71344069468722,1537.81643874413,2.4083961570901,13.0404692618596,10.8313046253752,1.54490202217838
1991,"Summer","PA_FWOLL",362192868.06636,38840172.4122013,3.56333167552102,1509.5819107063,2.35284960319294,12.7131397392473,72.0028157600469,1.21797710851036
1991,"Summer","PA25",359471777.711461,50092452.178729,3.53625872786992,1502.65925710685,2.34663284287497,12.6572649569892,7.23024951606409,1.16187086798332
1992,"Summer","LCR1",282339618.33596,104880417.206076,3.89104651496522,1580.51100510787,2.45630964806037,13.4175701182796,13.1615744705452,1.92359653842566
1992,"Summer","NA25f",260703363.466241,152313318.351126,4.16061171855491,1639.44836569482,2.53304578256118,13.9697224704544,5.42733958207275,2.4766940922272
1992,"Summer","PA_FWOLL",281596169.597735,133118364.897241,3.84341138503394,1569.22410206185,2.44381429490237,13.319493094086,6.72325265318508,1.82584562953844
1992,"Summer","PA25",282555478.84753,129963031.724779,4.02885932694369,1610.39272044026,2.49578011570666,13.6986451774194,8.74277305368851,2.20607771699754
1993,"Summer","LCR1",136434572.642344,153297723.963959,4.23408373670704,1665.82332798358,2.54078784784127,14.1339030698925,6.23545603693844,2.63253536839721
1993,"Summer","NA25f",103147822.966095,237925015.744555,3.99275322040503,1598.9345502561,2.4944515026507,13.6398884711391,2.04154283750465,2.13823637059032
1993,"Summer","PA_FWOLL",136353566.969399,172712153.419843,4.19027303016551,1653.65825360463,2.53291474175831,14.0467306021505,4.28727718697992,2.54539225933169
1993,"Summer","PA25",103812605.256207,183419173.961099,4.68397112150121,1744.7393445279,2.683067971867,14.9938933413979,2.63526343860897,3.49219757328488
1994,"Summer","LCR1",254092593.180208,73688736.2644354,4.20929845328362,1656.76114662679,2.53917517777696,14.0824091505376,58.4907966276793,2.5843900876947
1994,"Summer","NA25f",241545105.520147,119608651.318651,4.12996668760839,1638.38309265969,2.52016890763923,13.9288663526472,5.64342011011243,2.42968155126574
1994,"Summer","PA_FWOLL",257727221.591142,88911469.500107,4.08268558751177,1623.01849583541,2.51403463425361,13.8290069650538,29.2306303976542,2.33107514980798
1994,"Summer","PA25",247372199.173837,99372603.5805638,4.50455325769119,1723.5097122376,2.61247183660742,14.6564416666667,5.4018097992711,3.15817198449548
1995,"Summer","LCR1",308693642.02761,179102052.692828,4.57743143666728,1731.90219101769,2.64146799037735,14.7935643978495,3.69573318451251,3.29726764167353
1995,"Summer","NA25f",296986276.793206,241510582.444039,4.40380572554351,1704.69583574963,2.58216720411034,14.4638545457525,1.73610536254376,2.9666720707634
1995,"Summer","PA_FWOLL",297975312.650294,191312195.197489,4.78820002444635,1757.14818610621,2.72391327878123,15.1896853198925,5.48045740918771,3.69329834434981
1995,"Summer","PA25",304195908.007669,195653185.058765,5.01136629779508,1772.82833031989,2.82624861009825,15.6047809596774,2.36871837395642,4.10782305430643
1996,"Summer","LCR1",221662987.848291,112146257.302044,4.6961822609075,1748.52651552538,2.68472264347002,15.0178535215054,4.0221294371932,3.51876914382872
1996,"Summer","NA25f",217797588.144547,205224676.608989,4.13629190103339,1640.26524101346,2.52113377375522,13.9414096387654,1.77389375501831,2.44136688652676
1996,"Summer","PA_FWOLL",208877233.801556,118947439.562112,4.86204929816995,1763.87447659313,2.75572117771143,15.3277575349462,3.90052515603062,3.82871586834013
1996,"Summer","PA25",209472226.654116,178990169.842243,5.27688030480607,1783.77557526186,2.95822721484831,16.0951310510753,4.06805790664963,4.59478082800723
1997,"Summer","LCR1",201384243.389317,20907875.5701126,4.07688304130913,1620.04687569836,2.51470437856925,13.8155246290323,58.9141390385061,2.3171764851516
1997,"Summer","NA25f",199541857.342651,26143808.7695381,3.54715161347329,1495.60149017862,2.36919638224741,12.6955418307088,11.4032505828953,1.19703940939107
1997,"Summer","PA_FWOLL",201966464.517163,29596812.2940508,4.10450553350179,1627.45726874527,2.52026717303006,13.8716403897849,54.7904699429514,2.37317461890793
1997,"Summer","PA25",208187540.645237,59822337.8485959,4.1035743337504,1627.45574385371,2.5199668429175,13.8711779516129,7.91792908851902,2.37271945895216
1998,"Summer","LCR1",143574433.661488,237857009.995337,4.36713513261555,1686.54934538435,2.58641879241468,14.3873891290323,9.42072597503171,2.88857045874594
1998,"Summer","NA25f",139338404.284896,268308602.544823,4.23071442545411,1649.95847380219,2.56016038878789,14.1164002502382,3.15625707487445,2.61767526132879
1998,"Summer","PA_FWOLL",142692088.726543,233092619.379374,4.56540879347463,1723.17234067945,2.64660527224267,14.7676811639785,8.45953625537792,3.26863402484889
1998,"Summer","PA25",140621986.733064,224432872.277208,4.65628666724006,1738.65082966408,2.67594668896065,14.9406969086022,2.90189295106393,3.4414027271328
1999,"Summer","LCR1",231388916.042369,67822398.7706055,3.84046447138812,1565.93361355028,2.4486105196833,13.3194599704301,8.80736974088927,1.82385446606037
1999,"Summer","NA25f",216024803.042771,71523215.2052413,3.85613450447195,1567.89201352614,2.45636860363583,13.3558001996716,7.15314150674494,1.85982146917305
1999,"Summer","PA_FWOLL",232892050.971587,73248580.0793241,3.84071425321555,1565.73351465793,2.44919731128662,13.3204870994624,8.46543198028101,1.82484032003289
1999,"Summer","PA25",216486058.750621,67264221.4620699,4.26271373505428,1666.23028446544,2.55582223105188,14.1829528387097,7.04265438180195,2.68675916120489
2000,"Summer","LCR1",89439104.454067,113096213.467214,3.28754296063322,1450.74592014914,2.26438966543104,12.1188127526882,19.2670555026963,0.621181680646308
2000,"Summer","NA25f",34638427.4023006,148970277.934551,3.21671387063374,1442.6156302996,2.22572827999534,11.9521130574597,6.7766487521904,0.46438050567184
2000,"Summer","PA_FWOLL",36619913.5968246,139825910.489486,3.34291977380675,1463.18738035205,2.28092242038713,12.2379534677419,5.51622393988724,0.739713124597932
2000,"Summer","PA25",34303938.2357159,156558320.353652,4.0582340729804,1609.03875518285,2.51885281821034,13.7717438763441,3.108183003828,2.2727863373543
2001,"Summer","LCR1",194313903.347944,51138412.2226709,2.18949990524306,1277.19889713028,1.70888461191853,9.48077646827957,5.44935570748412,0
2001,"Summer","NA25f",188128535.773548,50236623.9445198,1.99064356940238,1235.00573002643,1.60568414950591,8.96043020388576,4.85999363416299,0
2001,"Summer","PA_FWOLL",189582243.555083,50904300.6511103,2.15233252706808,1268.3869689024,1.69143479808853,9.3851990422043,5.38044147187936,0
2001,"Summer","PA25",179984512.491603,52453848.8228281,2.46123284650731,1332.32336400669,1.84356120420427,10.1640881763441,5.74740629985848,0
2002,"Summer","LCR1",350303522.022196,69801034.7291396,3.15692384403071,1441.09888162436,2.174389786644,11.7860549650538,13.1028249435608,0.735719324724067
2002,"Summer","NA25f",351969318.302232,72429925.425596,2.96768674150223,1407.98217179798,2.09065479524312,11.3476059812116,6.48717844874477,0.55263972906066
2002,"Summer","PA_FWOLL",353376639.12683,65305381.6173054,3.03948121200705,1420.74730998427,2.12197810144805,11.5136471505376,12.8634735278542,0.629544915126959
2002,"Summer","PA25",341316642.787623,89831183.337928,3.17623124102545,1442.60938220923,2.18759937544176,11.835391,5.34866825269214,0.71905223226274
2003,"Summer","LCR1",347138676.261386,126835940.508244,3.95050617754677,1588.78266392634,2.48322991184158,13.5508422016129,11.0931089841668,2.05369241162785
2003,"Summer","NA25f",342822857.923145,180914305.49709,3.95871747336758,1588.18567638862,2.4911969060281,13.5764749019711,2.1738825312903,2.07783847139004
2003,"Summer","PA_FWOLL",348544442.046244,147300445.101855,3.96274305048101,1591.39850152927,2.48706312362183,13.5771048709677,7.71020763392106,2.07996418095189
2003,"Summer","PA25",343158060.341623,169878060.218399,4.47710913696626,1717.28728586217,2.60568398851606,14.6033702311828,2.52475431457882,3.10492110488659
2004,"Summer","LCR1",208790763.347647,89609800.5736141,3.34062254164908,1458.40078080957,2.28891560676854,12.2387724650538,24.6472755644858,0.741141276444146
2004,"Summer","NA25f",153815606.765223,111692598.781886,2.96993724289706,1404.28380765664,2.11193348736484,11.3855584871384,25.9909975091343,0.199920041454333
2004,"Summer","PA_FWOLL",155695675.324597,98340259.4290719,3.20277978142826,1437.85059787424,2.22509004849047,11.924639,22.7431189705135,0.462427381215292
2004,"Summer","PA25",151545843.618168,155504133.4554,3.43594725163636,1477.48656644653,2.32220861330372,12.4473023924731,6.09896881908883,0.948699056089264
2005,"Summer","LCR1",603572025.204975,367801851.404518,4.82405848655399,1735.94905572793,2.77238770134584,15.244848733871,4.77110768349556,3.74735810111302
2005,"Summer","NA25f",605630743.602572,396728844.19839,4.55433378685362,1703.93421401642,2.66591676800079,14.7320823389039,1.14023054823427,3.23475591866626
2005,"Summer","PA_FWOLL",608975494.186189,348864573.612146,5.03193493709018,1753.98030071489,2.86297363929942,15.6338776075269,9.30414358238989,4.13716273640749
2005,"Summer","PA25",616469192.782067,558902279.711681,5.40722477701902,1785.9161255071,3.02738857689195,16.3341933333333,1.0831974166534,4.83374317504875
2006,"Summer","LCR1",97427096.7046212,78339677.5449284,3.36854311004226,1461.29601335032,2.30452284749717,12.3041787177419,12.5478509006178,0.806279377389672
2006,"Summer","NA25f",39924314.7281463,104537161.790989,3.2821256685575,1449.50324856851,2.26264625223885,12.1067447444252,7.47828734116787,0.607668399207441
2006,"Summer","PA_FWOLL",42582358.7342452,107823666.353038,3.32506878977549,1456.01920579247,2.28215262727702,12.2040976424731,8.82581994193616,0.705147075971265
2006,"Summer","PA25",44898475.847345,146216900.605414,3.79970049480172,1548.6731673349,2.45154420266528,13.2408287231183,4.86643382226434,1.74178305433107
2007,"Summer","LCR1",103827726.771071,45832276.1098401,2.19746960267356,1291.9148352951,1.70034349853988,9.51236217392473,10.7827734256899,0
2007,"Summer","NA25f",94601183.6599694,47977643.0620787,1.9465073400099,1225.05577732078,1.58814592218043,8.85860997470792,9.12132467298246,0
2007,"Summer","PA_FWOLL",97517103.1425667,46101077.0802867,2.05742161450127,1255.83431046797,1.63756051131354,9.15205624758065,10.0822175477424,0
2007,"Summer","PA25",94604954.0498415,47975962.3731467,2.17850930403603,1288.32700758666,1.69036720798059,9.4642006483871,10.0446069392926,0
2008,"Summer","LCR1",385284860.908211,49034226.8103638,2.59983185140112,1355.2179582197,1.90516626770686,10.4813634739247,18.8777825729798,0.186499788377007
2008,"Summer","NA25f",383755278.412562,49772295.6146739,2.29608869226563,1295.47525414446,1.75683624383843,9.72727183715034,13.1963841649478,0.123087039769351
2008,"Summer","PA_FWOLL",383122526.535974,49200206.6238466,2.43383467215773,1324.50971261924,1.82320028570335,10.0736280688172,17.4533132529053,0.150586882346976
2008,"Summer","PA25",383583158.322247,51476334.4649352,2.50213544256099,1338.85958724959,1.85536598110017,10.243063644086,12.756257445675,0.163740561975552
2009,"Summer","LCR1",303658772.361117,63472961.5889202,3.45752226391033,1491.45334205676,2.30835941350831,12.4769304327957,16.1669039377763,1.04867972886656
2009,"Summer","NA25f",304262139.563166,72436882.5980933,3.29283180310311,1458.55425356897,2.24774710024334,12.1105890358534,5.90049114235752,0.798012890693735
2009,"Summer","PA_FWOLL",302491558.875743,63743711.6843883,3.28818631498026,1458.75557803222,2.24379288359583,12.0987764139785,15.4441819689362,0.79534424817961
2009,"Summer","PA25",297831480.905908,84391354.5548199,3.39667586246284,1477.52184819723,2.29024223126569,12.3458084919355,8.52437011198018,0.925637180978754
2010,"Summer","LCR1",221235534.579008,96125007.1818186,4.38231547782475,1705.51389029511,2.56917460095466,14.4253266344086,6.32488512089485,2.92636042045991
2010,"Summer","NA25f",212193344.949048,179971119.809913,4.14104794615795,1643.21535079226,2.51989000433623,13.9532732309151,4.5811637846497,2.45374540158704
2010,"Summer","PA_FWOLL",221706234.026851,115911976.571622,4.40927008801548,1711.20931278519,2.57637964016291,14.477117577957,4.78351185672801,2.97790356783922
2010,"Summer","PA25",214188739.19274,120400213.789379,4.5582482651328,1737.77633464847,2.62283548951786,14.7607208629032,3.5426144787138,3.26126469672378
2011,"Summer","LCR1",114660039.501057,124813649.47589,3.03801001885031,1413.76950159404,2.14701071620994,11.546662422043,16.1982505593311,0.206488284046117
2011,"Summer","NA25f",138253853.279146,90342477.2017906,2.46391796784235,1332.6158128739,1.84697811391427,10.1747891458397,15.5418972838071,0
2011,"Summer","PA_FWOLL",130438572.964319,125227087.629832,2.79909111629647,1379.99280088655,2.02589277345389,10.9842625080645,16.2774311371258,0.0505418556623976
2011,"Summer","PA25",130812438.717063,123820557.817877,2.73315752282881,1370.74445473081,1.99148109702047,10.8270287580645,16.0686897548015,0.0256430550654439
2012,"Summer","LCR1",174390088.277367,35932510.4305011,3.3982000812927,1467.0379800383,2.31548645036509,12.3696637392473,11.3930811490023,0.870861931940826
2012,"Summer","NA25f",165463262.045342,32660126.2358522,2.9887671784082,1406.99286741349,2.12331713386318,11.4343434702658,10.593873883097,0.0634357992379455
2012,"Summer","PA_FWOLL",169176493.169868,41059975.8444442,3.20101024204735,1437.47425918275,2.22597052465242,11.9241779704301,9.21256133541751,0.425297987370535
2012,"Summer","PA25",165495103.975528,48771453.2186667,3.11845297600225,1425.47258580752,2.18686140252065,11.7350746236559,9.30153699606878,0.236052143502935
2013,"Summer","LCR1",420636178.032585,90494310.3100468,4.24592189436912,1631.80910082243,2.588594726301,14.111344094086,11.6029362015611,2.61884759235488
2013,"Summer","NA25f",404566370.836697,138696672.494434,4.03777908409801,1602.53644694639,2.50727581667317,13.6932771102356,7.11964185938455,2.19989273402884
2013,"Summer","PA_FWOLL",424766921.311416,110321318.823253,4.19086563608075,1620.90181427855,2.57111248101625,13.9979138333333,7.43377883684757,2.50560328460336
2013,"Summer","PA25",414719070.692142,81712858.0969961,4.25789862486823,1629.85973551179,2.59771641608637,14.1314828817204,5.2724545760996,2.63947688040759
2014,"Summer","LCR1",255296559.374131,82606454.6953195,3.99878217026904,1599.42530986797,2.49595915216324,13.6452324865591,8.8785321191546,2.1504737105775
2014,"Summer","NA25f",229704661.797098,122316484.885195,3.84725854986187,1563.77538573469,2.45727388714926,13.3369408905734,3.10912313175155,1.84153308098454
2014,"Summer","PA_FWOLL",252818157.887021,93423080.4280844,4.19986284285315,1645.43010239791,2.54864609803755,14.0540682150538,6.42023195816657,2.55903794994268
2014,"Summer","PA25",229314919.960463,92988657.1270836,4.82730210788307,1757.3400215599,2.7452839699273,15.2613555833333,5.31014094828575,3.76577195022913
2015,"Summer","LCR1",174374456.24641,133565214.988499,3.8917480027347,1569.56911260517,2.47879170143427,13.4407111962366,4.71803590922681,1.94207530663683
2015,"Summer","NA25f",157223480.621604,148782412.021193,3.45819902407845,1476.52191400792,2.34092746321202,12.5030589595916,3.09927339680292,1.00366303728799
2015,"Summer","PA_FWOLL",175112052.149207,151211048.952648,3.95913554135243,1588.12849346269,2.49221239974666,13.5802914569892,4.3542835390856,2.08167149150094
2015,"Summer","PA25",155994597.503797,177404042.519553,4.41124359170264,1706.65708249952,2.58365190602263,14.4785114354839,2.98880612720054,2.97913035484651
2016,"Summer","LCR1",347174804.360931,214267178.932525,4.88762159309434,1760.07916860637,2.77497421451735,15.3729859005376,2.1576570492338,3.87304940296067
2016,"Summer","NA25f",314461746.547614,275662415.338247,4.52714669467264,1727.29067009257,2.61984676563638,14.699009566965,1.41153696589555,3.19847847708205
2016,"Summer","PA_FWOLL",339763035.45139,207888605.275031,5.15821492914546,1776.12718427488,2.90291522640354,15.8746639005376,2.46936921059923,4.37502847629605
2016,"Summer","PA25",315631772.695558,228520555.558671,5.23217417510182,1780.92635049843,2.9373483765674,16.012052561828,2.01304806516462,4.51167669612735
